[
    {
        "id": "1115418635",
        "name": "Cristian",
        "address": "Pereira",
        "phone": "3016591843",
        "email": "cristianandres.cavg@gmail.com",
        "password": "12345",
        "rol": "1",
        "isActive": true
    },
    {
        "id": "123",
        "name": "Juan",
        "address": "Pereira",
        "phone": "3000000",
        "email": "pantoja@gmail.com",
        "password": "123",
        "rol": "1",
        "isActive": true
    },
    {
        "id": "1115418635",
        "name": "As",
        "address": "Pereira",
        "phone": "6555166",
        "email": "as@gmail.com",
        "password": "12",
        "rol": "1",
        "isActive": true
    }
]